{
  "IIII": -0.8567853955714099,
  "IIZI": 0.13716573664575415,
  "IZII": 0.10622904836319602,
  "IZIZ": 0.10622904836319602,
  "IZZZ": -0.13036293981892105,
  "ZIII": 0.13716573664575415,
  "ZIZI": 0.156600627656752,
  "ZIZZ": 0.16326769082907927,
  "ZZII": -0.1303629398189211,
  "ZZZI": 0.15542669335276033,
  "ZZZZ": 0.15542669335276033,
  "XIXI": 0.04919764498956432,
  "XIXZ": 0.04919764498956432,
  "XZXI": -0.04919764498956432,
  "XZXZ": -0.04919764498956432
}