{
  "IIIIIIII": -2.624579060173102,
  "IZIIIIII": -0.07904417087465629,
  "IIZIIIII": 0.06963766679823809,
  "IIIZIIII": 0.1813649242546771,
  "IZIZIIII": 0.08454049626310602,
  "IIZZIIII": 0.08792660899667015,
  "IZZZIIII": 0.07761988828992306,
  "ZIZIZIII": 0.0794386006168131,
  "ZZZIZIII": -0.3346123458132604,
  "ZZIZZIII": 0.08982499647657266,
  "ZZZZZIII": 0.10647091296616065,
  "IIIIIZII": -0.07904417087465622,
  "IZIIIZII": 0.1168514042959076,
  "IIIZIZII": 0.11149831432137883,
  "IIZZIZII": 0.11194107542768723,
  "ZZZIZZII": 0.12005437336308761,
  "IIIIIIZI": 0.06963766679823809,
  "IIIIZIZI": 0.0794386006168131,
  "ZZZIIZZI": 0.14526192015947448,
  "IIIIZZZI": -0.33461234581326055,
  "IZIIZZZI": 0.12005437336308761,
  "IIIZZZZI": 0.13073850353772143,
  "IIZZZZZI": 0.11598612054758822,
  "IIIIIIIZ": 0.18136492425467743,
  "IZIIIIIZ": 0.11149831432137883,
  "IIIZIIIZ": 0.12432167547296145,
  "IIZZIIIZ": 0.10898280176407836,
  "ZZZIZIIZ": 0.13073850353772143,
  "IIIIIZIZ": 0.08454049626310602,
  "IIIIZZIZ": 0.08982499647657266,
  "IIIIIIZZ": 0.08792660899666997,
  "IZIIIIZZ": 0.11194107542768723,
  "IIIZIIZZ": 0.10898280176407836,
  "IIZZIIZZ": 0.11340652637318277,
  "ZZZIZIZZ": 0.11598612054758822,
  "IIIIIZZZ": 0.07761988828992306,
  "IIIIZZZZ": 0.10647091296616065,
  "IIXIIIII": 0.02554524310593115,
  "IZXIIIII": -0.01726459683389079,
  "IZXZIIII": 0.010290722790561629,
  "ZIXIZIII": -0.010290722790561629,
  "ZIXZZIII": 0.01726459683389079,
  "ZZXZZIII": -0.02554524310593115,
  "IZXIIZII": 0.0007033107955335648,
  "ZIXZZZII": -0.0007033107955335648,
  "ZIXZIZZI": -0.023384612774806107,
  "IZXIZZZI": 0.023384612774806107,
  "IZXIIIIZ": 0.021062076540351606,
  "ZIXZZIIZ": -0.021062076540351606,
  "IZXIIIZZ": 0.001013869592018545,
  "ZIXZZIZZ": -0.001013869592018545,
  "IXIXIIII": -0.02441822842470195,
  "IXZXIIII": 0.013029985419546652,
  "IYZYIIII": -0.01138824300515531,
  "ZXIXZIII": -0.02441822842470195,
  "ZXZXZIII": 0.013029985419546652,
  "ZYZYZIII": -0.01138824300515531,
  "IXXXIIII": -0.022049003978125037,
  "IYYXIIII": -0.00556065318530374,
  "IYXYIIII": -0.022049003978125037,
  "IXYYIIII": 0.00556065318530374,
  "ZXXXZIII": 0.011234312732252972,
  "ZYXYZIII": 0.011234312732252972,
  "IYYXIZII": -0.0017153824135075152,
  "IXYYIZII": 0.0017153824135075152,
  "IYYXZZZI": -0.021476995247468093,
  "IXYYZZZI": 0.021476995247468093,
  "IYYXIIIZ": -0.020391532177805285,
  "IXYYIIIZ": 0.020391532177805285,
  "IYYXIIZZ": 0.002451500187231129,
  "IXYYIIZZ": -0.002451500187231129,
  "IXIIIXII": 0.040615772746274495,
  "ZXZIZXII": -0.040615772746274495,
  "ZXZIIXZI": 0.040615772746274495,
  "IXIIZXZI": -0.040615772746274495,
  "IXXIIXII": 0.02484193231039758,
  "IYYZIXII": 0.02484193231039758,
  "IXXIZXZI": -0.02484193231039758,
  "IYYZZXZI": -0.02484193231039758,
  "IIIXIXII": -0.037658003841522666,
  "IIZXIXII": 0.037658003841522666,
  "IIIXZXZI": 0.037658003841522666,
  "IIZXZXZI": -0.037658003841522666,
  "IZYYIXII": -0.010242682515215124,
  "ZIXXZXII": -0.010242682515215124,
  "ZIXXIXZI": 0.010242682515215124,
  "IZYYZXZI": 0.010242682515215124,
  "IIIIIIXI": 0.02554524310593115,
  "IIIIZIXI": -0.010290722790561629,
  "IIIIIZXI": -0.01726459683389078,
  "IZIIIZXI": 0.0007033107955335648,
  "IIIZIZXI": 0.021062076540351606,
  "IIZZIZXI": 0.001013869592018545,
  "ZZZIZZXI": 0.023384612774806107,
  "ZZZIIIXZ": -0.023384612774806107,
  "IIIIZIXZ": 0.01726459683389078,
  "IZIIZIXZ": -0.0007033107955335648,
  "IIIZZIXZ": -0.021062076540351606,
  "IIZZZIXZ": -0.001013869592018545,
  "IIIIIZXZ": 0.010290722790561629,
  "IIIIZZXZ": -0.02554524310593115,
  "IZXIIZXI": 0.02616112407101557,
  "ZIXZZZXI": -0.02616112407101557,
  "ZIXZIIXZ": 0.02616112407101557,
  "IZXIZIXZ": -0.02616112407101557,
  "IYYXIZXI": -0.024628018421976018,
  "IXYYIZXI": 0.024628018421976018,
  "IYYXZIXZ": 0.024628018421976018,
  "IXYYZIXZ": -0.024628018421976018,
  "IXIIIXXI": 0.02484193231039758,
  "ZXZIZXXI": -0.02484193231039758,
  "IXIIIYYZ": 0.02484193231039758,
  "ZXZIZYYZ": -0.02484193231039758,
  "IXXIIXXI": 0.03432118713776418,
  "IYYZIXXI": 0.03432118713776418,
  "IXXIIYYZ": 0.03432118713776418,
  "IYYZIYYZ": 0.03432118713776418,
  "IIIXIXXI": -0.024500504165356166,
  "IIZXIXXI": 0.024500504165356166,
  "IIIXIYYZ": -0.024500504165356166,
  "IIZXIYYZ": 0.024500504165356166,
  "IZYYIXXI": 0.013239775416820712,
  "ZIXXZXXI": 0.013239775416820712,
  "IZYYIYYZ": 0.013239775416820712,
  "ZIXXZYYZ": 0.013239775416820712,
  "IXIIIIIX": -0.037658003841522666,
  "ZXZIZIIX": 0.037658003841522666,
  "IXIIIIZX": 0.037658003841522666,
  "ZXZIZIZX": -0.037658003841522666,
  "IXXIIIIX": -0.02450050416535616,
  "IYYZIIIX": -0.02450050416535616,
  "IXXIIIZX": 0.02450050416535616,
  "IYYZIIZX": 0.02450050416535616,
  "IIIXIIIX": 0.03934513496584029,
  "IIZXIIIX": -0.03934513496584029,
  "IIIXIIZX": -0.03934513496584029,
  "IIZXIIZX": 0.03934513496584029,
  "IZYYIIIX": 0.01077135374978998,
  "ZIXXZIIX": 0.01077135374978998,
  "IZYYIIZX": -0.01077135374978998,
  "ZIXXZIZX": -0.01077135374978998,
  "IIIIIXIX": -0.02441822842470195,
  "IIIIZXIX": -0.02441822842470195,
  "IIIIIXZX": 0.013029985419546652,
  "IIIIZXZX": 0.013029985419546652,
  "IIIIIYZY": -0.01138824300515531,
  "IIIIZYZY": -0.01138824300515531,
  "ZXZIIIXX": 0.010242682515215124,
  "IXIIZIXX": -0.010242682515215124,
  "IXIIIZYY": -0.010242682515215124,
  "ZXZIZZYY": 0.010242682515215124,
  "IXXIZIXX": 0.013239775416820712,
  "IYYZZIXX": 0.013239775416820712,
  "IXXIIZYY": 0.013239775416820712,
  "IYYZIZYY": 0.013239775416820712,
  "IIIXZIXX": 0.01077135374978998,
  "IIZXZIXX": -0.01077135374978998,
  "IIIXIZYY": 0.01077135374978998,
  "IIZXIZYY": -0.01077135374978998,
  "ZIXXIIXX": 0.024267590571560763,
  "IZYYZIXX": 0.024267590571560763,
  "IZYYIZYY": 0.024267590571560763,
  "ZIXXZZYY": 0.024267590571560763,
  "IIIIIXXX": -0.022049003978125037,
  "IIIIZXXX": 0.011234312732252972,
  "IIIIIYYX": -0.005560653185303723,
  "IZIIIYYX": -0.0017153824135075152,
  "IIIZIYYX": -0.020391532177805285,
  "IIZZIYYX": 0.002451500187231129,
  "ZZZIZYYX": -0.021476995247468093,
  "IIIIIYXY": -0.022049003978125037,
  "IIIIZYXY": 0.011234312732252972,
  "IIIIIXYY": 0.005560653185303723,
  "IZIIIXYY": 0.0017153824135075152,
  "IIIZIXYY": 0.020391532177805285,
  "IIZZIXYY": -0.002451500187231129,
  "ZZZIZXYY": 0.021476995247468093,
  "IZXIIYYX": -0.024628018421976018,
  "ZIXZZYYX": 0.024628018421976018,
  "IZXIIXYY": 0.024628018421976018,
  "ZIXZZXYY": -0.024628018421976018,
  "IYYXIYYX": 0.026957818058272826,
  "IXYYIYYX": -0.026957818058272826,
  "IYYXIXYY": -0.026957818058272826,
  "IXYYIXYY": 0.026957818058272826
}