{
  "IIIIIIII": -2.624579060173102,
  "IIIIIIZI": -0.07904417087465629,
  "IIIIIZII": 0.06963766679823809,
  "IIIIZIII": 0.1813649242546771,
  "IIIIZIZI": 0.08454049626310602,
  "IIIIZZII": 0.08792660899667015,
  "IIIIZZZI": 0.07761988828992306,
  "IIIZIZIZ": 0.0794386006168131,
  "IIIZIZZZ": -0.3346123458132604,
  "IIIZZIZZ": 0.08982499647657266,
  "IIIZZZZZ": 0.10647091296616065,
  "IIZIIIII": -0.07904417087465622,
  "IIZIIIZI": 0.1168514042959076,
  "IIZIZIII": 0.11149831432137883,
  "IIZIZZII": 0.11194107542768723,
  "IIZZIZZZ": 0.12005437336308761,
  "IZIIIIII": 0.06963766679823809,
  "IZIZIIII": 0.0794386006168131,
  "IZZIIZZZ": 0.14526192015947448,
  "IZZZIIII": -0.33461234581326055,
  "IZZZIIZI": 0.12005437336308761,
  "IZZZZIII": 0.13073850353772143,
  "IZZZZZII": 0.11598612054758822,
  "ZIIIIIII": 0.18136492425467743,
  "ZIIIIIZI": 0.11149831432137883,
  "ZIIIZIII": 0.12432167547296145,
  "ZIIIZZII": 0.10898280176407836,
  "ZIIZIZZZ": 0.13073850353772143,
  "ZIZIIIII": 0.08454049626310602,
  "ZIZZIIII": 0.08982499647657266,
  "ZZIIIIII": 0.08792660899666997,
  "ZZIIIIZI": 0.11194107542768723,
  "ZZIIZIII": 0.10898280176407836,
  "ZZIIZZII": 0.11340652637318277,
  "ZZIZIZZZ": 0.11598612054758822,
  "ZZZIIIII": 0.07761988828992306,
  "ZZZZIIII": 0.10647091296616065,
  "IIIIIXII": 0.02554524310593115,
  "IIIIIXZI": -0.01726459683389079,
  "IIIIZXZI": 0.010290722790561629,
  "IIIZIXIZ": -0.010290722790561629,
  "IIIZZXIZ": 0.01726459683389079,
  "IIIZZXZZ": -0.02554524310593115,
  "IIZIIXZI": 0.0007033107955335648,
  "IIZZZXIZ": -0.0007033107955335648,
  "IZZIZXIZ": -0.023384612774806107,
  "IZZZIXZI": 0.023384612774806107,
  "ZIIIIXZI": 0.021062076540351606,
  "ZIIZZXIZ": -0.021062076540351606,
  "ZZIIIXZI": 0.001013869592018545,
  "ZZIZZXIZ": -0.001013869592018545,
  "IIIIXIXI": -0.02441822842470195,
  "IIIIXZXI": 0.013029985419546652,
  "IIIIYZYI": -0.01138824300515531,
  "IIIZXIXZ": -0.02441822842470195,
  "IIIZXZXZ": 0.013029985419546652,
  "IIIZYZYZ": -0.01138824300515531,
  "IIIIXXXI": -0.022049003978125037,
  "IIIIXYYI": -0.00556065318530374,
  "IIIIYXYI": -0.022049003978125037,
  "IIIIYYXI": 0.00556065318530374,
  "IIIZXXXZ": 0.011234312732252972,
  "IIIZYXYZ": 0.011234312732252972,
  "IIZIXYYI": -0.0017153824135075152,
  "IIZIYYXI": 0.0017153824135075152,
  "IZZZXYYI": -0.021476995247468093,
  "IZZZYYXI": 0.021476995247468093,
  "ZIIIXYYI": -0.020391532177805285,
  "ZIIIYYXI": 0.020391532177805285,
  "ZZIIXYYI": 0.002451500187231129,
  "ZZIIYYXI": -0.002451500187231129,
  "IIXIIIXI": 0.040615772746274495,
  "IIXZIZXZ": -0.040615772746274495,
  "IZXIIZXZ": 0.040615772746274495,
  "IZXZIIXI": -0.040615772746274495,
  "IIXIIXXI": 0.02484193231039758,
  "IIXIZYYI": 0.02484193231039758,
  "IZXZIXXI": -0.02484193231039758,
  "IZXZZYYI": -0.02484193231039758,
  "IIXIXIII": -0.037658003841522666,
  "IIXIXZII": 0.037658003841522666,
  "IZXZXIII": 0.037658003841522666,
  "IZXZXZII": -0.037658003841522666,
  "IIXIYYZI": -0.010242682515215124,
  "IIXZXXIZ": -0.010242682515215124,
  "IZXIXXIZ": 0.010242682515215124,
  "IZXZYYZI": 0.010242682515215124,
  "IXIIIIII": 0.02554524310593115,
  "IXIZIIII": -0.010290722790561629,
  "IXZIIIII": -0.01726459683389078,
  "IXZIIIZI": 0.0007033107955335648,
  "IXZIZIII": 0.021062076540351606,
  "IXZIZZII": 0.001013869592018545,
  "IXZZIZZZ": 0.023384612774806107,
  "ZXIIIZZZ": -0.023384612774806107,
  "ZXIZIIII": 0.01726459683389078,
  "ZXIZIIZI": -0.0007033107955335648,
  "ZXIZZIII": -0.021062076540351606,
  "ZXIZZZII": -0.001013869592018545,
  "ZXZIIIII": 0.010290722790561629,
  "ZXZZIIII": -0.02554524310593115,
  "IXZIIXZI": 0.02616112407101557,
  "IXZZZXIZ": -0.02616112407101557,
  "ZXIIZXIZ": 0.02616112407101557,
  "ZXIZIXZI": -0.02616112407101557,
  "IXZIXYYI": -0.024628018421976018,
  "IXZIYYXI": 0.024628018421976018,
  "ZXIZXYYI": 0.024628018421976018,
  "ZXIZYYXI": -0.024628018421976018,
  "IXXIIIXI": 0.02484193231039758,
  "IXXZIZXZ": -0.02484193231039758,
  "ZYYIIIXI": 0.02484193231039758,
  "ZYYZIZXZ": -0.02484193231039758,
  "IXXIIXXI": 0.03432118713776418,
  "IXXIZYYI": 0.03432118713776418,
  "ZYYIIXXI": 0.03432118713776418,
  "ZYYIZYYI": 0.03432118713776418,
  "IXXIXIII": -0.024500504165356166,
  "IXXIXZII": 0.024500504165356166,
  "ZYYIXIII": -0.024500504165356166,
  "ZYYIXZII": 0.024500504165356166,
  "IXXIYYZI": 0.013239775416820712,
  "IXXZXXIZ": 0.013239775416820712,
  "ZYYIYYZI": 0.013239775416820712,
  "ZYYZXXIZ": 0.013239775416820712,
  "XIIIIIXI": -0.037658003841522666,
  "XIIZIZXZ": 0.037658003841522666,
  "XZIIIIXI": 0.037658003841522666,
  "XZIZIZXZ": -0.037658003841522666,
  "XIIIIXXI": -0.02450050416535616,
  "XIIIZYYI": -0.02450050416535616,
  "XZIIIXXI": 0.02450050416535616,
  "XZIIZYYI": 0.02450050416535616,
  "XIIIXIII": 0.03934513496584029,
  "XIIIXZII": -0.03934513496584029,
  "XZIIXIII": -0.03934513496584029,
  "XZIIXZII": 0.03934513496584029,
  "XIIIYYZI": 0.01077135374978998,
  "XIIZXXIZ": 0.01077135374978998,
  "XZIIYYZI": -0.01077135374978998,
  "XZIZXXIZ": -0.01077135374978998,
  "XIXIIIII": -0.02441822842470195,
  "XIXZIIII": -0.02441822842470195,
  "XZXIIIII": 0.013029985419546652,
  "XZXZIIII": 0.013029985419546652,
  "YZYIIIII": -0.01138824300515531,
  "YZYZIIII": -0.01138824300515531,
  "XXIIIZXZ": 0.010242682515215124,
  "XXIZIIXI": -0.010242682515215124,
  "YYZIIIXI": -0.010242682515215124,
  "YYZZIZXZ": 0.010242682515215124,
  "XXIZIXXI": 0.013239775416820712,
  "XXIZZYYI": 0.013239775416820712,
  "YYZIIXXI": 0.013239775416820712,
  "YYZIZYYI": 0.013239775416820712,
  "XXIZXIII": 0.01077135374978998,
  "XXIZXZII": -0.01077135374978998,
  "YYZIXIII": 0.01077135374978998,
  "YYZIXZII": -0.01077135374978998,
  "XXIIXXIZ": 0.024267590571560763,
  "XXIZYYZI": 0.024267590571560763,
  "YYZIYYZI": 0.024267590571560763,
  "YYZZXXIZ": 0.024267590571560763,
  "XXXIIIII": -0.022049003978125037,
  "XXXZIIII": 0.011234312732252972,
  "XYYIIIII": -0.005560653185303723,
  "XYYIIIZI": -0.0017153824135075152,
  "XYYIZIII": -0.020391532177805285,
  "XYYIZZII": 0.002451500187231129,
  "XYYZIZZZ": -0.021476995247468093,
  "YXYIIIII": -0.022049003978125037,
  "YXYZIIII": 0.011234312732252972,
  "YYXIIIII": 0.005560653185303723,
  "YYXIIIZI": 0.0017153824135075152,
  "YYXIZIII": 0.020391532177805285,
  "YYXIZZII": -0.002451500187231129,
  "YYXZIZZZ": 0.021476995247468093,
  "XYYIIXZI": -0.024628018421976018,
  "XYYZZXIZ": 0.024628018421976018,
  "YYXIIXZI": 0.024628018421976018,
  "YYXZZXIZ": -0.024628018421976018,
  "XYYIXYYI": 0.026957818058272826,
  "XYYIYYXI": -0.026957818058272826,
  "YYXIXYYI": -0.026957818058272826,
  "YYXIYYXI": 0.026957818058272826
}