{
  "IIIIIIII": -1.605351089710839,
  "ZZIIIZZZ": 0.08554126592833292,
  "IZZIIIXI": 0.022769858116257292,
  "ZIIZIZXZ": -0.022769858116257292,
  "IIZZIIZI": -0.0951425481968084,
  "IIIIIZII": -0.11149273509193061,
  "IIIIZIII": -0.11149273509193039,
  "IIIZIIII": 0.08554126592833294,
  "IIYXIIZI": -0.0227698581162573,
  "IIXYIIZI": 0.0227698581162573,
  "IIZIIIII": -0.09514254819680844,
  "IZIIIIII": -0.1114927350919306,
  "ZIIIIIII": -0.11149273509193039,
  "ZZZZIZIZ": 0.06498266331192185,
  "ZZIIIIZZ": 0.06856348691044402,
  "ZZIIZZZZ": 0.06856348691044381,
  "IZZIIZXI": 0.0029419506343180647,
  "ZIIZIIXZ": -0.0029419506343180647,
  "IZZIZIXI": 0.002941950634318057,
  "ZIIZZZXZ": -0.002941950634318057,
  "ZZIZIZZZ": 0.13789255899330466,
  "IZZZIIXI": 0.017691022669671104,
  "ZIIIIZXZ": -0.017691022669671104,
  "ZZYXIZIZ": -0.017691022669671104,
  "ZZXYIZIZ": 0.017691022669671104,
  "IZXXIIYI": 0.007787576080413348,
  "IZYYIIYI": 0.007787576080413348,
  "ZIYYIZYZ": 0.007787576080413348,
  "ZIXXIZYZ": 0.007787576080413348,
  "IXIXIYXZ": 0.007473151320898335,
  "IYIYIYXZ": 0.007473151320898335,
  "ZYIXIYYI": 0.007473151320898335,
  "ZXIYIYYI": -0.007473151320898335,
  "YZIXYZYX": 0.007473151320898305,
  "XZIYYZYX": -0.007473151320898305,
  "XIIXXIXY": 0.007473151320898305,
  "YIIYXIXY": 0.007473151320898305,
  "ZZZIIZZZ": 0.07277023939233519,
  "IZIIIIXI": -0.005790855270487087,
  "ZIZZIZXZ": 0.005790855270487087,
  "IXXIIYYZ": 0.005527846347836894,
  "IYYIIYYZ": 0.005527846347836894,
  "ZYXIIYXI": -0.005527846347836894,
  "ZXYIIYXI": 0.005527846347836894,
  "YZXIYZXX": -0.005527846347836877,
  "XZYIYZXX": 0.005527846347836877,
  "XIXIXIYY": 0.005527846347836877,
  "YIYIXIYY": 0.005527846347836877,
  "ZIIIIZZZ": 0.07603663823134237,
  "IIZIIIXI": -0.0025858957135188295,
  "ZZIZIZXZ": 0.0025858957135188295,
  "IZIIIZZZ": 0.07603663823134212,
  "ZZZIIIXI": -0.0025858957135188195,
  "IIIZIZXZ": 0.0025858957135188195,
  "IIZZIZZI": 0.06524742948826989,
  "IIZZZIZI": 0.06524742948826968,
  "IIZIIIZI": 0.07277023939233519,
  "IIXYIIII": 0.005790855270487087,
  "IIYXIIII": -0.005790855270487087,
  "IYIYIYZZ": 0.005527846347836894,
  "IXIXIYZZ": 0.005527846347836894,
  "IYZXIXIZ": 0.005527846347836894,
  "IXZYIXIZ": -0.005527846347836894,
  "YIIYYZIX": 0.005527846347836877,
  "XIIXYZIX": 0.005527846347836877,
  "YIZXXZZX": 0.005527846347836877,
  "XIZYXZZX": -0.005527846347836877,
  "IIIZIIZI": 0.09584452895141314,
  "IYXZIYIZ": 0.010118705748162322,
  "IXYZIYIZ": -0.010118705748162322,
  "IYYIIXZZ": -0.010118705748162322,
  "IXXIIXZZ": -0.010118705748162322,
  "YIXZYZZX": 0.010118705748162286,
  "XIYZYZZX": -0.010118705748162286,
  "YIYIXZIX": -0.010118705748162286,
  "XIXIXZIX": -0.010118705748162286,
  "IZZZIIZI": 0.07536613523643221,
  "ZIZZIIZI": 0.07536613523643197,
  "IIIIZZII": 0.0648580550206772,
  "IIIZIZII": 0.07603663823134237,
  "IIYXIZZI": 0.0025858957135188295,
  "IIXYIZZI": -0.0025858957135188295,
  "IIZIIZII": 0.07536613523643221,
  "IZIIIZII": 0.07658753439777782,
  "YXIIYYZY": -0.003909826459033461,
  "XYIIYYZY": 0.003909826459033461,
  "YXIIXXZY": -0.003909826459033461,
  "XYIIXXZY": 0.003909826459033461,
  "ZIIIIZII": 0.06876788147971065,
  "IIIZZIII": 0.07603663823134212,
  "IIYXZIZI": 0.0025858957135188195,
  "IIXYZIZI": -0.0025858957135188195,
  "IIZIZIII": 0.07536613523643197,
  "IZIIZIII": 0.06876788147971065,
  "ZIIIZIII": 0.07658753439777734,
  "IIZZIIII": 0.06498266331192185,
  "IZIZIIII": 0.06856348691044402,
  "ZIIZIIII": 0.06856348691044381,
  "IZYXIIZI": -0.0029419506343180647,
  "IZXYIIZI": 0.0029419506343180647,
  "ZIYXIIZI": -0.002941950634318057,
  "ZIXYIIZI": 0.002941950634318057,
  "IZZIIIII": 0.06524742948826989,
  "ZIZIIIII": 0.06524742948826968,
  "ZZIIIIII": 0.0648580550206772
}
